block_time,score,block_hash
None,98.299995,000000000000000000014e65b929ee1d41f09fa4821e012181549b2fd2ffcd15
5.05,84.6,00000000000000000003f24d6841cdd20febeb943bf8ec8e24af41ad66cc4583
7.02,79.299995,00000000000000000002d6773d1ea69a17663c9b274b94a8b1882177189f697e
10.75,65.7,00000000000000000000c608b96abf642ab105ff462f2c32389fcdeb8519c75b
1.75,95.0,000000000000000000005dc684d8d3537e741895673b98b440329d62a778f935
12.51,85.1,00000000000000000003808955465a027fd95dfcb558d1a075d3ab435440ee02
3.12,78.7,00000000000000000003c277118e8a6bbbdd40523e8ad3ce89c8c4b420376af0
38.84,92.299995,000000000000000000009dce5f4bd32b8180edd8dd0c2ec50afaf54df01da91c
3.0,94.5,000000000000000000049b6f3ffec6fdd397e5fd82fde4c58b23a77acc6b78ff
10.63,92.2,0000000000000000000422720f942ee3872aa3f84101a931518fab3e1e1163c5
18.57,96.200005,0000000000000000000204dc5a7827e1388136e41c91f8d8e3f7700629305568
6.81,87.7,000000000000000000049168ad751cf182e08cda2a14a78c03211f503f3f9cba
2.01,27.5,000000000000000000013c04673611d9476e7679237113e2563d010d7c2797e2
36.11,91.399994,000000000000000000043a63e929828eaa7067dd0c8b3cf18df3d2e51599c5e5
2.84,89.8,00000000000000000000347538f00e7456c7e8b959a5e4032de54f48429386d3
5.36,64.9,00000000000000000000ba4a9de53d2a7f07fced28c9c82d3b84313a02c4c579
8.53,82.3,0000000000000000000046fcb40bf054c6b8344dc3ba2db254f78f4f40f560ba
2.82,96.6,00000000000000000003d0d1b9a1e3f9892259c8063775885294cd379a202dbc
4.77,78.7,0000000000000000000152ed11eb7f9994aa9d89f5214f744880901db9a923b8
3.28,86.799995,000000000000000000025879a0496f4d65a8662591a3e4a588405ea751a82f16
16.4,85.5,000000000000000000038a6e4f44b7c96a94630352f5a620d952fcb408126c66
6.22,41.5,0000000000000000000112b79c66d019b9cf6d5369efc270a3e3aca2d77ec13b
12.09,88.4,00000000000000000000b2d91286ba16d2ddf4b6ae984d13f73d21705b3667c9
53.65,91.6,00000000000000000003fd2258d68fcb56771fe7c6b52161f86fee7883f5a98e
10.73,99.299995,000000000000000000016c9eae3530c8517178773b4f496d8bc49ae54bd4d3bd
8.71,76.8,00000000000000000001ffd6580677b1ea12b74e27bfcaa2541f19bd2e1813aa
10.49,67.6,00000000000000000003a9b8aac4def2092f5f9abdf9f6a2564e95f8759bb8da
8.17,73.799995,000000000000000000001c676e2155b6706a3dc2a0b3f6a6e49a0bb1995073fc
9.1,81.1,0000000000000000000074e1b8604d2283aa4495a634a68e18d4ecce866490fb
12.44,68.4,000000000000000000014468a94ea2bae003baa171b82a4655b023c4eed1f52b
3.95,23.9,00000000000000000002ac90a30d503c409f0587bc0c1cb4eeaf90b3f10e151d
7.96,84.899994,000000000000000000027289b5785c5b7e5abed5e51de3fc91b4aaeb278ddfd7
17.15,78.899994,00000000000000000002d9272f64b0935ef27d0614573f0081d80f3827f1c039
3.99,52.0,00000000000000000002ce5597a824737c42bc62e1eda7b9160d4dec3c2457d3
9.94,78.0,00000000000000000002b593d7da0d5f080c76ed99e222329a65fc531930e9a7
4.4,63.7,00000000000000000000bd67e03a83127eccb37135dcba1e0b5c0c7411583b1b
3.78,85.1,00000000000000000003e15a95335a35d98eacc2f1b3be4daab3d528d4da764a
12.19,63.9,00000000000000000003d133bb73c3e021435fc17e505273a5af0fa0743b18c0
9.39,60.399998,0000000000000000000412d87a3625f8810cd0c156b578fa909842e3da63d605
11.43,94.700005,000000000000000000044a1087932968ea73da6a0e4820912c1fba2c81ae7005
6.46,76.4,00000000000000000004036a87e51e0ce1e68a2b9309a52b04080e2e4efadf38
12.56,78.6,000000000000000000012df62663ffb18f4d011bb7956555ae9121e3f8d12e38
1.73,39.0,00000000000000000000cbeb75b88894b0d8dfa7a92ec10f6d17fc08663b115d
10.15,88.700005,00000000000000000001f9a3aac479a1e4d046806f39fe632f3df414afe3aa03
6.06,69.6,00000000000000000003cd73f002ada6187bf8cef1804fcc1f7ae2decedc8f73
13.64,88.700005,000000000000000000021689780d20aeaf74771889e0a0d3074bb69e23ee5e87
6.05,96.6,00000000000000000003d570049ce644c00528e3729a6617fe0dfe5fbdf4056a
7.37,63.7,0000000000000000000081257178eaf027e8eda9093e3ac7c2fc0041308b6d15
7.57,97.5,000000000000000000041f45085edaf5ab9dd06815cb59b8df35f2d7670300c2
12.55,90.6,000000000000000000004d1a232b71f2c139964ce03ccf2c407190fbb4c5a01a
50.4,97.2,00000000000000000001f5a7d7b9bd5480ca2b1a8067fcbf48d60cbe373fb60a
2.79,58.0,0000000000000000000024c529412027cc8db482b3491f6852cfba971eed8c2e
4.41,59.500004,0000000000000000000310cf043f970835421eda10ee3a050231dc5bfe87e1d6
13.64,69.700005,00000000000000000001ba229b41491160448cff316aef23ab777f5314f30187
2.06,71.3,00000000000000000003fd8311cf28c9298eeaa7f91746af0d2746b359d6b17e
23.64,99.9,0000000000000000000464f41d4ea87732b92001ce25c551a1b1633dea8b2f76
18.97,80.1,000000000000000000036937d41e4ed6511f6cbbe8253fab648a7003605652c5
5.49,51.5,00000000000000000000c967bbed567533e239bdfc96f2ab38b9d79efafbb6bc
25.88,99.7,00000000000000000000e698029d4a10a6b8daafc8753c699f0851d8f81a9615
9.41,99.8,00000000000000000002de5a6496dc2168ce26bbe48d05718aa7aa55d467e2b1
5.89,52.899998,00000000000000000001b18f31634b6b432ed839120f43134bd604576d9d1401
3.57,70.1,0000000000000000000011b56a26808c130590c9cbe6312953d88d85880ad8e5
15.67,86.799995,00000000000000000000b2fd41edc37d9128b6b67d86124bdd60d3fa27658a15
15.48,79.1,00000000000000000002a6cf267bac471383ab5f69a716b6098d7f3e41d62312
48.51,95.3,0000000000000000000075dc69a80a3b3f99668c2971972d05e65fb80eb84975
3.78,95.4,00000000000000000003c63d0c62f18876b29f35bedf9adbb39709e68529e724
9.8,91.399994,000000000000000000011ffb0f2f50eadd0aa59d9b7a56a7cda3f828fffb9681
16.49,85.799995,00000000000000000000e8c6594ea0c191003ce006eea27a35aa42018c6c5e64
25.41,81.8,000000000000000000033edab7a219d90a2e990e0bd56b87939a9d1f2c0758e5
2.37,85.6,00000000000000000000496bb2168d2355e44cee9b7f2dc995444fbf6bc3933e
16.24,81.7,00000000000000000003b1915abf89d42b8c5d4e85e0d0454add72fd791e7a03
19.73,84.899994,00000000000000000000cf0e2a720d2d49c53e3ff91317c7d385ee702a4e8f62
2.28,99.7,000000000000000000021d546d046f221163a97dfa776b33dbdbcbd30f1d9048
30.27,92.0,00000000000000000001fabc47cf442bb6d457940ea0efb2db6c9910e536b795
2.02,86.9,000000000000000000046e1ce1357707779e93eb0cdf071c095d5064c4be2d7c
5.72,75.2,00000000000000000000c060c2b0a6b93d98656f0af0856857982e157c53b0d0
7.4,33.8,0000000000000000000062f15f8ea212d05d3c4ba429d63395b41dc7da7ad1d4
7.76,75.2,000000000000000000036733364ffe7425b49e40dfe9c0414b70e9842d71f8f2
14.99,79.9,000000000000000000007aca2d2524a0654b7666946a7ebf5ce17c068c356d6e
3.4,91.1,000000000000000000030a7cf51d3987b5c7b5bd048b5c46db4558eb8c9c1b4b
4.85,76.3,00000000000000000003f3fdde3691fb7456eb05a0b9d0033afa1fa60397576c
8.76,57.4,00000000000000000004daf1bc6600806492c73ab29bdea440bafd9f0c944e15
23.6,91.1,00000000000000000001a2ccb4cf0611da8234629676898578f1962c0ba6a674
3.08,94.1,0000000000000000000195c6135d7af7939fb2b03525304934cee44d6e714f6e
9.34,82.5,0000000000000000000130b4444201aa45517c144b21f47c5de8e73340fe881d
14.21,88.8,00000000000000000003b7b9364d3090590e0d1874dd0b391055ad94c4b94e22
10.55,64.700005,00000000000000000001e5cc1b7afa8b69500657ee25484235802e378cac85a2
13.84,78.4,000000000000000000019875bb946e22b1fe1873d6af43a3f172eae4fd5b4342
2.97,70.8,00000000000000000000bb2e6e2638f1452493d1d76e9a9993cc2af285317a78
11.22,70.6,0000000000000000000091f7951c4a236eb3c00d7e7e04a1c42a5d8aa7fac26a
5.55,73.799995,00000000000000000003d830d81f0eea4d4a7340b039cea1a975207261a279c2
8.99,82.5,0000000000000000000418818152d39aeb34d23103f19f07adc73d36ef27a18b
18.28,98.0,000000000000000000030a8b47e423dcc37a25da793cef064f9e705630250d25
24.5,98.2,000000000000000000042337b469959ab5ab581f393c2d9e31d64b0b61c81502
15.14,97.399994,00000000000000000004ddf7d45724f6dfe8b7e05c3fcf7aa79dc03f3d346451
23.74,83.1,0000000000000000000115a254aefecb901263a802f2092ce81c5d642b24e927
2.39,95.6,0000000000000000000129f389dc62ed91ad78866539ac77b0d9b9a3487b5b89
7.72,94.5,0000000000000000000026af441d942f9eb7733a3756a5eb94813f1b36131ae3
16.46,96.200005,0000000000000000000177925754a483c9d4cc9f2eee41ee8c68707d655eab7c
5.23,60.2,00000000000000000000458001800036d90b2494d32ca46de5f809aa4fb31f7a
9.58,79.0,00000000000000000000bc9b1e12c963838f76b308aadd87f4a95e5447df9f22
6.87,98.4,000000000000000000011a8b18b3cd2fe7ad7a854fd904af74f5fd6a395edfd1
10.06,96.200005,00000000000000000000cd723f59968d90f0ff457c4ab93256b3d258dbdaea95
19.25,77.8,00000000000000000001dbcc31b309ad4c88269f5961cb7c8692edeed0216a28
5.55,96.0,000000000000000000007bdab3cb2016bed903fa7abd724bfe79ebc434f18655
20.03,99.5,000000000000000000049798e3568be61a228889cf37a0bd1dfe233ba4940b13
11.16,93.6,00000000000000000001c31d048c6695fb86b739dc02633850c7d2c006669ddc
23.81,98.6,0000000000000000000493cdd4f2c25dbd02b087b9b818acf645c33730e75e55
8.9,59.899998,00000000000000000002504328a76417dd78ecc3275d11796a330d442f3a23fc
26.56,95.5,000000000000000000008f64293a22430c8b735d2e6d4de6957c5934589eab38
16.86,85.7,0000000000000000000096fe6d8bdc1654e8e0f69119777be395108414035106
19.22,82.9,00000000000000000001bb358951fb842a6ee770b075a2263ed999488da1e4ba
10.46,56.0,00000000000000000001aba69068265e4c485e4d7cbc064a498b2dc83152c3d9
39.64,86.1,00000000000000000003842b21cfcf5ba4a9479b780d65eb29d665a5cc0b5c6d
11.83,98.299995,0000000000000000000155e572230d2deb43d814e5717c2300074047cc810609
16.96,86.299995,000000000000000000032289424daca0d7fece5789f90637d48d8e2d09e281b7
5.33,57.0,000000000000000000038a7b781d04edaa3275e1fd2de786bd03c4b311776d36
5.48,53.399998,000000000000000000045bd478426876ad132eb26610c732e0e7b26aa4510df6
3.36,51.5,00000000000000000004e35c3c83e48a1c769499daa4c56e0cd3c0042dccc2d5
4.43,64.0,00000000000000000003ba6c280d7b513ba7890413cf211ce58cf0ab060069ab
3.55,97.899994,000000000000000000026ea08610ed804e3b4ff0cfb1beade831739c3901fe3d
7.21,71.100006,00000000000000000004a207300bf994bbb6fb1992d42c63beaaf7d7771d7550
4.62,46.8,00000000000000000003092df610a683c069a5f13b1a3b6a1e4d6fad759c8df2
23.91,89.4,000000000000000000021aacf98201950bd9a97a33174c14ced011817af2776c
2.72,86.4,00000000000000000002f1f94f3e539c369ecb3d2955018a29b1c1764857e2a0
5.24,46.9,000000000000000000004b5c0f0e7c76c1af222a4488d4ada4f44d65e30debe0
30.37,95.0,000000000000000000018132296eed44153a9188915c748d442821ba616ca189
32.38,86.5,00000000000000000002ed7eaf02b1ccd4eb3429c01f506b993ec457dd40b156
13.54,89.700005,00000000000000000004ab45f7de2b088fc00af1c61e6f13ba76ef554f49db9f
9.39,92.4,0000000000000000000051528556cb544699b5519d86a87de6a168e91d4c6bd0
4.71,87.2,000000000000000000007f8f6f0a4fe3e728cd4b7896faa7f9f9d08be3649927
3.37,62.1,00000000000000000003a470a9438c820a3ec18d8df60aca36087deb5d37ba52
38.04,86.5,00000000000000000001334166135216f1fc5e66ea58ea18129233d9c31a551a
24.4,85.2,000000000000000000048489703eb01bec50db9704a4cbff53e265c88b340016
4.74,74.1,00000000000000000003af5d34910969f5805ea0d3b5766d6ed9c25bdc7bfb26
2.19,91.2,000000000000000000043bedeaf7fd4c8fd80d3b9e79b8fda2c46e3a3c109c64
7.69,85.799995,000000000000000000045c17ae6631fd71dce84bf3fd264816d00c6f75b80f64
11.31,71.9,00000000000000000000d5c5accbd418f798cde0c383a85600fe86113172d32b
5.81,99.8,00000000000000000001fed2fee61855395a3851dbb6f851920496b7264cf8e3
12.72,86.0,000000000000000000035e3d415df06d6aef8d92c82bef7781b15004ef2db08e
3.82,93.6,000000000000000000010ac21288764c65a5ff0014ae6baba9e78a3292fed54d
9.09,59.3,000000000000000000036c982cef4879e5dd435ec3c6a3aef9366499d1084b5f
4.44,30.1,00000000000000000004c37fd4b1111e7d605d2ad68050ee719f78141efe7cc3
15.45,76.4,000000000000000000029a5e0fc98e14b0f2945170f4e797c0bcc5d8d9905ec2
1.64,18.199999,000000000000000000041d5e9a4661eaf80ea623cc7c3d8fea4e234bfcb397ac
7.75,71.9,00000000000000000001c77a8f3402c2e2904c906cb527b8127d67220cb46608
10.77,82.1,00000000000000000000f3a3a974f12868f50e8cd5643d8fe8bd5e5c4f85da69
49.1,95.200005,0000000000000000000192a328f754a072759a8f81bddf337cd967abaa4070d8
36.7,85.299995,00000000000000000000121d907de82976fdd7b6fec6339106458cb18785a753
15.55,81.3,00000000000000000003a573c296ca498e40ccde456fd0f958b583ce000d11e9
2.22,78.6,00000000000000000003109c1455384e11dd2f7d0614c5706e252374208b87aa
3.44,98.1,00000000000000000003ab13b6edbd92eaa487c0bbaf1dc33ab0d988d9b30ba7
9.89,99.5,000000000000000000048d52cf3ef95f23c3adce849311d5e6af2414cd6fb8e2
7.91,82.3,00000000000000000002022382a3bd539a727079346d81560f88495e4db39105
4.47,74.9,00000000000000000000a1f8ad0dca92e7fdafd2f2eaa6554dccd93ff445093b
9.03,90.200005,00000000000000000001a5596e1f6ea291538fa058fc0933a1fbcb44192dc968
17.57,80.2,000000000000000000028efb8e452ca7f1271fead9c5da7ed49b75aa9ff89b6b
7.19,89.200005,00000000000000000004cf117bbe17a596e56c43f0d4bdbc6c9fbe4c4f3bd6b2
16.64,83.0,0000000000000000000367d9756be85f80f0fb1eef3cba8b0be3c6f0b24264a1
3.01,88.700005,00000000000000000004268e0ba960b2986467a0f82c3287fa01ed6b77baa834
5.54,25.3,000000000000000000027911609e5a188dbc916b6804cd24829a2613637fbc16
12.16,87.5,00000000000000000004100dbc9079aa8a580886de19f76a1a56f0749bf754c5
26.25,88.9,0000000000000000000448f156af72eb120fbcbd3cdedabee9e0d8179c3c3689
9.97,82.6,00000000000000000002aca3b13ab726b8b79476054eb0a342aa8982fc07630f
19.81,85.799995,0000000000000000000034d5938c84e10ce4b83ddb62184d82096bfd957bcdb2
20.7,83.4,000000000000000000046cb36f4e7e75cb35ac86ef20b1b8faff364cf5fca55e
24.37,88.9,000000000000000000009daf6ae313e2f904e43e6c7ed928c56e50c1423535fe
1.93,84.4,00000000000000000001cc50d0813b6d274dbb430bac419e52bd8a602806fd12
12.5,99.299995,00000000000000000002086f632672ca17815aab22b4d008be431185ce308863
17.45,84.0,00000000000000000002e1a2b4570b795fd1bd80acad42b4fae4277f92a12fdc
4.38,54.9,000000000000000000049389a9912b63ecec56304fff21308727ea932e87eadc
12.22,97.299995,00000000000000000004221d79fa2cbb0b4e6ae1071cb4128506313166d0b4d2
13.29,72.1,00000000000000000002df1ac2abfcb7a0b3e68f6d3840233083aff8851a2dd7
3.79,47.3,00000000000000000000281cce5eb89b522bf6be95b058ad1281ce59b123f643
21.93,96.8,00000000000000000003c55a00ac9ecf95ace9aa920cf68680ee348326840bda
11.11,85.9,000000000000000000008cc269a21b7814174ec0784cd2d8b1338ebe06f5f077
10.41,64.700005,00000000000000000002263fc3c5f30525f25fb2af0c531d0733cd6c79333bfd
4.01,44.3,000000000000000000018cd182464ad818a0d05ea6be1b1227eb886d22f68b64
2.63,81.9,0000000000000000000431dc8dd360035af7996ca598938443561b3255319811
5.64,84.799995,00000000000000000004dc0652fe7ab0f7d98799754ce55b0eda91b67800f130
4.3,77.700005,00000000000000000000c2cb9601acdced46813804b1160a90f5b66d648b988c
7.76,94.0,00000000000000000004e816f94e3a4bce65b84acb59c736a94ae96b781887f2
4.14,76.700005,0000000000000000000443be9974e08fcb232d956bf0b18f786c7cd30c88376b
3.37,51.300003,000000000000000000018716d5580ba667e0942eb8ce83e437be02c96dce560d
10.05,60.600002,000000000000000000045df3359b5a85fc7f4f68367752e83111a8476234fb8c
7.92,79.4,000000000000000000046552979f436028649f1957cb4f1a6ce9bab829d6a07b
13.47,87.9,0000000000000000000269b15c97e2536a9c76d48ef43d5241dc4cf3240364c4
1.13,69.4,00000000000000000002eea1a133e89891d4719d9230ce177d4545fd4dc55682
11.38,83.9,000000000000000000004650226cf93b950349418499b1b4c103f662e132420f
24.5,87.9,0000000000000000000309a477b64a1bee707999a705457aad3c7d25eef08a13
7.88,90.7,000000000000000000039eb0f72df27fb28fb696326087bf9d8ed6ba2ba6d0d4
8.46,52.0,00000000000000000001811c5615ab39ba38e8a780b0d196381b20fa6862ea2a
1.8,64.1,00000000000000000001ac4d17d30553935478dea42369b95385e49398c7bda5
3.89,98.9,0000000000000000000361628e2ebb590a9c2096191b044fd6663c612e5073c8
54.93,89.200005,00000000000000000001f127fa4bf624460b6e81898790c1e81b6af2d181e360
25.05,87.8,00000000000000000000de80b0df113f031972e644166a5746346d9b8593d6f3
1.32,95.8,00000000000000000002ce334e2f4841f75677c211c243f949cf26a3b9d0dc34
2.4,88.6,00000000000000000000a0dc4e429ed3f76f3406002ef56ba5f3c3855a27cdeb
15.5,83.9,00000000000000000000346623e8f662fad25b66b7a820a2f97e4eb54d76bcf1
12.46,74.299995,0000000000000000000041fa725e61234a050fe220823f9dee128dc24176af52
0.49,97.5,00000000000000000003e08a94e77ebaf55ef98daf468d110f70d2db4bfc8284
42.59,91.799995,000000000000000000031534c4342b76602f53a9553f83433aba0e141dbd997a
3.95,69.700005,00000000000000000002bef8e42a00c2b0f7ba3e5e4c8339086cc6fd44258390
9.48,97.5,00000000000000000000444c1a0025d2f1492b9a3c96016560da3aa246d708e4
10.43,93.5,000000000000000000011cac34f6c1b57320c1f8051d6d21190254aa6e723ac5
5.32,89.8,00000000000000000004d8a55de7a5aca367f24883f919862c0fe030fec4e568
31.64,91.799995,000000000000000000003170170ec7bf3b8bb53ba6e8720c545fa61241787108
5.57,80.0,00000000000000000002707f29a4f6db3686a565991896f993d8df81ba7ff3ec
17.73,93.0,00000000000000000000c16f264a90c93da1b24bf30b7b6e22d2df1e13bdf30e
2.96,77.3,00000000000000000000ba64a43d6bde3d92ded280ca0bfacbb86508d34b58ed
3.98,88.3,0000000000000000000433b62979b552ea26ac2611e129de926246c115e9bef0
4.71,94.6,00000000000000000000aac38746f4828e78b90b0f95f9ad3f26e8ed052df1b1
21.19,82.700005,000000000000000000018057b00b795851bae2944bf74abaf02461390ca85bac
8.83,79.2,00000000000000000003e764c9e4a0bc12d42655c785f515e59a9e082d3b43fc
0.66,90.0,00000000000000000000906735779154cad648fdb8472f240b130bb4432b008b
8.96,63.6,000000000000000000032ef5256095201c0ef6acd4a9958b7430625b61edfc23
1.59,98.799995,00000000000000000000377375a78ec04103a247657285912482de58e702a190
7.83,84.2,00000000000000000002ccc2cb5617e799fa14f5aee6868d2a3d73a6fa37b5c7
6.94,96.200005,0000000000000000000383e35212227acda87dc57ecb8e71c2e7511f5bcad0e9
28.13,88.6,00000000000000000001a5dce0e3ef5f6a8f7551b63af69ab88407af7173c663
2.42,88.700005,00000000000000000000ddbe9d147b9c3f03715730ceb6dda870afc7dcd3e721
7.81,59.2,00000000000000000002a43a8c880b0a995f56fe15689dd7925379f006027395
8.04,83.5,0000000000000000000019af6bd7cf51a7577593e7860e135c41cb2891fcbfe2
12.63,71.200005,000000000000000000037a5876d0f1dc1de195af69e8cd7ec4850b9792f85d59
5.62,97.799995,0000000000000000000235fa86c66bf0ba443c3c648248580b48b1473a21af67
5.44,97.5,00000000000000000000aa33d06ed46e9bc8ce489323fe6183b06ff5522e0ce8
10.82,87.2,0000000000000000000251c2e99c5fcbb64e442db72d9a7148465407470fca3c
7.69,82.1,00000000000000000004cc052d5313645355ebeab1e7a257da6594195b2eeae5
15.61,86.0,00000000000000000003f51f423227ff545c48dd8e14bc32091d11a7cd1f874c
8.21,96.200005,000000000000000000018545646fbcfd4ea637fd6b371c2d47c42a0291f41a90
8.92,84.4,000000000000000000018f157ea60e533cb6f14ef94fcce7d6ff5f8330634439
10.08,66.0,00000000000000000002bb8d629e6df7b1314c69e878406bf272271cd895f9f9
5.24,13.0,000000000000000000044e0652c8754513ce074b145cbc6b9ce267d052db4b00
6.85,81.3,00000000000000000004b2fc9e1d3bdd750d37a07e402e1c8a847512c5b09336
8.76,96.6,0000000000000000000099077bf0a2e9bf41937a0486507a8237f9548c35f711
11.93,84.7,00000000000000000003da0edc92b60e985634d0b2b6bd6a6a06381db1c8bdb3
1.78,56.0,000000000000000000007432e3a028fa6549509d826c09b3359767fa2cf1bb0e
3.73,91.399994,00000000000000000000fe0f3c7e08e4ed11ba97a2d8696a38f68dc0f411fca6
16.99,90.7,0000000000000000000233b9a27e31c6c10818866343a3ce3eefb44dcab3e34f
3.33,99.5,000000000000000000038610c8c30c59f034d80e2dc74c228fa719d02d346869
12.41,81.4,000000000000000000025133f88e08b2f9fce369b6e8cf21bcb387c1524cc612
15.88,79.299995,00000000000000000002521704a49fe0dfd982609b61d705a0e261f7f55f94f2
5.91,42.699997,0000000000000000000461ec491c5c918183844e7645fec3b9ee0b8afac9d624
7.88,76.1,000000000000000000032b0f15d826f9976dc19cf9fd5abc4785dd658a064dee
21.13,85.399994,000000000000000000028ca4d019aa3240d333defe9bb469bc5dfb53c2f95088
8.58,77.9,00000000000000000004335c37a093e1b8a2c819c207511ca4114f4d18fe3a39
8.39,77.9,0000000000000000000401bb7254e620b1ad8e9fcaac10bb2054963ccfc753f2
6.84,90.100006,00000000000000000001344563057a294e4e4676bec859bcab7b98490f0cc74e
17.9,89.9,00000000000000000001f5d4ac203b349fbeff11a69227edf9e605b5b46e0b8d
14.97,85.399994,00000000000000000002738545163d95b3ff056a2374bac93eff381aace34a45
24.31,95.8,00000000000000000004b691a1777a4277276ab963c55a14708be3e329537f9b
23.69,98.1,00000000000000000003a82838ee8f2c5b337147fa6215e14fb76df8b87d32b5
5.32,96.4,00000000000000000002c8eb8384abdf339788995801f37163548c0b5f8fc99a
10.89,88.4,00000000000000000000c5d8c99e84c7b9f90553a1f0cea566866e8ce258cea2
10.37,79.799995,00000000000000000003b7e9e64ffdaea4736bb6b25e1bb2e323fefbe2d7e0d2
3.83,29.300001,0000000000000000000471bb96ccd97acd3f71414ae67d48ab1599d6a29c8d7f
24.71,91.1,0000000000000000000300ff0d7f7d083f5caf573575fcf633601c6384c6b638
4.1,67.1,0000000000000000000121157fd14760a9cbac93606b481caa78a693ab716ba6
37.64,80.9,000000000000000000047c74cf77b59f5c02b8fad1cdeb6feb5a6fb09785b9b1
11.48,99.6,000000000000000000037ae82f2e02f8e78b380bd084487851e68c897cc80ecb
8.59,80.4,0000000000000000000000d3be4f881d0940292671ffa5c2095bc019283aec63
4.13,59.600002,00000000000000000000bd684e36789d16da2cf5b08b47deb72d1448a73eae5c
13.73,87.1,00000000000000000001d2f29265d58de42e8db9c05df0e4e9886d36c063f0f6
6.33,52.2,000000000000000000023c0eb6dc802971e1df7a91d1e209bc4c34e78bde31d2
22.19,96.3,00000000000000000003603645ff6585ce294bb13890a794ad0b937e4109b61b
6.66,72.899994,00000000000000000001d1b93cb29a01dbd15d0da59b6d8ff7b8ddf92e0fdb7b
30.92,87.3,000000000000000000003a1c90516eaa88ee957c03bed0c583b434cce786f572
3.66,75.8,00000000000000000001ba3dc8ca926248456de13b2a42a4125fbcfbb080a499
7.58,52.399998,00000000000000000001d76cf45cf36c6dd865f73444c93acd9a167a802b6848
24.68,84.5,00000000000000000001a7226413c21773a990641a270312ba9f214e893468c7
1.13,94.0,000000000000000000024db11489a54e32ef630cda290258b7f85424ceecd094
41.1,88.1,00000000000000000002d75e5d0d9e076490c2843e53d6aa10c258a237362d3e
5.08,74.7,0000000000000000000237610f8f521a42f30d3649835802e49475f42426956f
4.41,67.299995,0000000000000000000079224e9adc61c70edf9edd73a2ddf0d5d626f3698a42
6.83,55.4,00000000000000000004b7e130fc4a25b97d19fb95f6b86cba35bbe4c34b2a4d
14.77,98.5,00000000000000000000f7da4be1e03546def4dbbd91c20b864002259b74937a
8.44,52.100002,0000000000000000000451d35186d405a9dc71281620c6209229934f39d64f7f
2.7,37.5,000000000000000000037c5af78db7093a9bcbcd956111c4ad7ba402dc1d96bb
8.43,92.6,00000000000000000001dc3a9688b67015c830161f2e7cf8754bc0fdbdd8fe1a
17.25,78.6,00000000000000000003582bcb057a06ecd9fd115aeb68bc18c64620b78ea1b7
5.0,22.8,000000000000000000003d3253686b42b174f679cf32106c4cb7eee12b492156
15.71,71.9,00000000000000000002ed6884ad951b99d33bba5a105844887a3799b6afe93b
4.95,30.8,00000000000000000001c93510252a2610d2af0a9a300d5e987022019ee72da3
8.63,67.2,000000000000000000025068048a62af20eb3b7172b81759937ee6fa69b8d443
6.01,33.899998,00000000000000000003dd34d0a2eca3f5b90bb45a347a077dad26fa11f0b8b9
12.37,92.5,000000000000000000006c30db18e2be7474f2ff94c6f89e8e806ea460b5f27f
10.19,85.1,00000000000000000003926d5a57999aa85cdb5e922d19d04bda0c6b3b80f361
25.11,81.9,000000000000000000049d15334530e5d59c426d9d6071df7da99fcd09b00b3c
2.88,61.199997,0000000000000000000071e987523626faf9b5f212ad2f1cac9ac93023c9ca5f
12.0,85.5,00000000000000000003b7f73a88482424c1be37d054252a94bfd561040731c0
23.34,98.6,00000000000000000003160fa223c7dd3d850d1923c565e2cf68d39e0d38207d
3.46,66.7,00000000000000000000c7e31ea9ae76527347f0cf590b4c1b6c59f107bb0e5d
13.67,96.200005,00000000000000000000101c56428bcc51c31891efdb160d39ba440a0fca9f72
32.17,91.0,00000000000000000003ed76f7d0218303eded84a4b88bd251346f3b5f637984
5.44,17.9,00000000000000000003553bea841d916c0351ffaf87122a5247a745056ace5b
11.82,92.2,000000000000000000031c167f40b8130f81ceaa25b5120112c49df9bad02ea2
6.28,56.5,00000000000000000002feb1ca7118132bdeea5f194c50c92be70746a48e9f32
4.29,51.899998,0000000000000000000267251c743487e421adec4f9e68f5ca070292e582d82c
10.96,71.5,00000000000000000002d198d7b945e8874001739cd9f2e2e5d74567d3d8eddd
9.55,76.700005,00000000000000000003cab9cd81272bf3299cdfaf1258aa6f83ff4c470cd78c
5.63,52.2,00000000000000000000dee190cc357669727913a80b8bfd6f9e1d3807976a41
12.7,88.8,000000000000000000011e890f733a02755f2a382be15f6b2eb9ec5a9614d32e
20.2,83.700005,00000000000000000000eab68417332bf6065807196e30335e9aadf213637aa1
20.0,83.600006,00000000000000000002d9954d7f0975864e6996527a9736b7ca6199c1e88f6f
12.19,97.5,00000000000000000000957b1b0a03e0c25d5821a3f11a57f8bf928a7c45e702
7.02,50.0,000000000000000000014a8401aad4a23f5a0e90ce8886535417d49c860a5b7f
28.83,90.6,0000000000000000000378d520a17c294b014670d40f0b40346c73e6882febdf
2.11,8.5,00000000000000000000b5e5d57807a3b4f3c731762b12b446c7b16ae14ac56a
12.52,69.3,0000000000000000000418f87ec0b40fb46b9d24f3c1d9624d801b8acb254a5a
32.53,92.7,000000000000000000032910800dac8b65fa4a02dc17a755fabde31a1f94bc64
3.56,99.9,00000000000000000002ab32e5cb235254bf5e42fe605c777af972aa5e5ad927
7.22,82.8,000000000000000000013ef75d93069d0bb86b548c15c2b9474cca9565645c3b
5.98,33.399998,000000000000000000026e1604dc6510d89b266572e691230561069d7ec7b406
8.16,64.3,00000000000000000001d3997da9eda80d00a8bac3e55efd24c7f80ada4efba7
7.15,99.1,000000000000000000019f4b8056489c9da7ec766fec53246ffe250ff6a826f0
5.02,13.3,000000000000000000022628fbaf29607bdfb1789b524bb23fea051ef040c2fa
3.46,17.0,000000000000000000041fa335ff8aa8c5df40e83a03db45dbda62520e2b0b57
3.43,68.4,000000000000000000040f23b332194c7fad287211d49b828cf007d558dd1f93
9.67,91.1,00000000000000000001548f5ad6b10e59092e24b67bce23bb35b4adea5f97ed
15.31,85.299995,00000000000000000000662f4635ee88019347b646eec2361fd0ba78250a3f1f
6.34,58.0,000000000000000000030e3297c1e72f1da63fff0c66a666a4349403ae8c1607
14.93,80.6,0000000000000000000406756b7845d9851ceba77022b65320c05dca333ee929
3.05,79.799995,00000000000000000002091ab28d18c19fa35557d4ca5c672b8b900d74e938f3
4.65,42.399998,00000000000000000004aeed203c5474c89662821734b01e6ff9168e85564039
3.77,29.499998,00000000000000000003ed2a039ef49252770f9a31410a247a319a486f1055df
17.15,72.399994,00000000000000000001d8f64d269a620e4c1449a56abd6578e7cfa5d9769411
1.73,77.9,000000000000000000019cc7675b84b4ab15b496a61999d01a9047a841aeeb30
18.73,81.9,0000000000000000000485993e37cd61641cbba93a61793301bff095728b02ff
1.08,73.4,0000000000000000000463b9e8522b69e049b0356480d93cfef203a283c85a60
11.9,98.5,00000000000000000001b01b6b2993a39b7423cca2d3da2fda0ac6ddd4ced256
25.3,84.3,00000000000000000004a414ee3d686e25811c38da92b841ff14b5b736347a94
6.42,95.4,00000000000000000001bbecd8255cf867604a9886467ddac1a4709a2bb0774d
6.52,84.3,000000000000000000037a0836fef86d9746a785144fa0fd7bca38ae7496258a
5.0,60.8,000000000000000000025db00838c7bbd83b2b2ced395cf4dd186d65e7e1977c
16.81,79.4,00000000000000000001f79da38bab8be8219ad7ce4ba3ce198839f065cd9bbf
40.09,90.200005,00000000000000000004379856cd6498d67fb3a2d39eff6b3d39eed1851dd9b5
1.35,99.0,00000000000000000001541b185d287d4cb254ebf704b70757815b39a31dbacf
17.23,87.4,00000000000000000002ad024f3553c922f0b4765fb06753cacf7d065827b95a
9.34,87.4,000000000000000000007bf8fd768f0e3363bc5405a4a2ea91ac73c6c4bb4823
10.84,82.4,000000000000000000036410b2e4e293b4b2c2b637902f5fb9ed8ef81d63739a
4.8,64.200005,0000000000000000000070d502132612c277edb92335d0b672d2ba9329cf4388
7.14,99.1,00000000000000000000e1be52cca292e869991a4340743a917305e877d91357
27.7,85.9,00000000000000000001210a2581e5fb9f619a9f5c2ff924dce9d11272db6ad4
3.91,62.699997,000000000000000000024f7b1b4611749759bfde08308726dc020a15b74554ef
8.41,85.6,0000000000000000000329a0e02b9fc8181c207d84661b9a2e4bb40720447a15
4.74,82.200005,00000000000000000002c0e6f82b758c5c6b2dac71fe0038f3ff743d7cce612b
22.09,87.9,00000000000000000000ad55d869e4a60cb972304ed00e49e56c4aea932ce1e4
11.33,72.0,00000000000000000001a6f93b3369be378425e4471be7c70d8a3ee3ce264e5f
2.95,31.5,000000000000000000021eb37b9c161efac7ca150c4e98c1dd90f94e0d3b7150
4.58,68.8,000000000000000000028ff9af09d050e0ae0950982fc5f38791063d579d1eed
4.66,72.5,00000000000000000001285fc5ac90a485560ff8e2f70f8493bf40861db0ff2c
4.71,74.0,00000000000000000002065c17883463b02e01ce10944a8244418d1daeac5ad3
11.67,94.6,000000000000000000030e9c53a65591d54688db4f0fd95d3b751f5d78162e6b
16.61,85.0,0000000000000000000038bc883b93152f83aa2f5021710f2a7e883bf0508a9e
4.77,48.3,0000000000000000000033dae41628b9270cea140a30f1af10a2d25bace1465a
8.47,88.5,00000000000000000002b4c9e5e0cd94eaccc17081b84a051a06e09c8cdd3811
4.03,94.4,0000000000000000000424eaf8426409e852e429935867df404175583e59fe6b
8.06,44.3,000000000000000000016e0f200d93fa38d9398feff3fa402bc53611234ac88f
1.94,33.7,00000000000000000002c2d5ff0c5c5aa050159bfd14e885e3a37321151a5d2d
10.04,85.9,00000000000000000000ebaefabecdc570d97988c322eaddf8311f8e4b39eaa3
7.63,51.5,0000000000000000000347b31822a148e3d191b471d084f5f2e59e505ec436bd
3.77,40.3,0000000000000000000122094c49a95d9b6f6582d7293e5e18f2e4bc089eaaaa
2.72,63.0,000000000000000000012f4ed18ba3f2d71d75fe3827cf998488598ba14943ef
5.97,79.4,000000000000000000016acf894dddbeabdd44775c5f4a3e0d8185577257f6d1
14.24,96.100006,0000000000000000000418ec39fb828ef4ca43d2059969c8224a2c635ed320e4
4.56,86.5,000000000000000000037021a7925a988bf8752f78a6f6b08c1026cd6ec7c4f5
6.9,52.100002,000000000000000000012aa0f7af17a95dd63f5d2d27009e7d148990c523816f
10.0,78.0,000000000000000000018be1b7fa1315d6819635e635b720d4db28e0342ad023
37.92,100.0,000000000000000000022aa705b0fc08130fc057b1bf714799f26ec9cfc65e53
8.28,70.4,00000000000000000003b3af1abac8b8728804a01d824f52c162404a8728a483
4.73,34.3,00000000000000000002645c8a40d23fde95d6943ef88fd1e0b1e08e0f5f2d12
7.64,84.3,00000000000000000000e80c644edcf542e0d40c0b359332d62e54a20761507a
8.86,71.9,00000000000000000003ee519c5c19be08c5313887111b2039b6b9e0a9fe0b48
10.65,60.8,00000000000000000001a264aea96ef331ca1e602adc893c7626b526302f200e
11.22,99.6,00000000000000000001833d9182c2333f519ee472d67f0088a8838ee28cdf5b
5.19,90.5,00000000000000000003f34409eb89c39f46df38ebf5da9239f4d9f472510935
25.78,92.7,0000000000000000000190067c73d6ebb9286371be7a7d13f430557677cce150
2.42,50.199997,00000000000000000000ffcdca913da39717b43941ee0b78ed5c20aedcb9fee5
11.89,95.1,00000000000000000000bb2954c3775af66959e2324ad09c0b28a2eb601309e1
6.06,64.4,0000000000000000000368afb31cab4a0e4fcbc995d0a19a4a303bd320e7bba9
57.35,97.5,000000000000000000037cdaff67292b74212578005e1e587f847a7cd49e03c6
7.13,87.6,00000000000000000002860dffe2316d1b8ecbca53c252080f96d2795742a067
14.81,80.1,00000000000000000001e75945e03a3a0e90c34966aea414cbf81e67fac2c266
9.0,84.3,00000000000000000002a24c9f0a9271c85432bb9d7c62540ce5f4f507901850
7.92,45.8,0000000000000000000361e74d63c8ba0c375aa1da8ec9ff622fde7c9c691b00
2.29,66.0,00000000000000000002e0149575cb0752bdc872434cb57d90596a74097f874c
10.68,75.5,000000000000000000021b186b0b2bca4e5056b1993418e2cae1e28d55615d2b
2.77,94.4,000000000000000000030feefd07f0d8a6eaab7f12696e5492ffb436418ed388
8.63,53.500004,000000000000000000029656fa1460819ebd0527ffc931d75dce76d54203b503
2.71,38.5,000000000000000000041fee8bd7120f6ddf85e5bbb3ce5096febe41f2ed8758
10.36,79.9,00000000000000000001b35b4764909456e477b086f543b105cd756c7569ee0b
6.02,53.7,00000000000000000002ef9d9a19683f6c40453d91d285939f073d80f1f0aa58
18.97,86.9,0000000000000000000144553d819a21ec46875511e943a77f4cba4cd29179ad
30.52,85.5,0000000000000000000122c7d178b5de2d879b21175393f7a4c7253c40156604
2.43,80.2,00000000000000000002cdd31f9d27d6a7d148a29e59203b0b1d0352469e022d
3.38,98.4,00000000000000000003e4b8caf51935fe897c82104667faa68e023c765090d7
20.3,97.7,000000000000000000025622a7a44d89168d01a01e3be788d1a544ec8b2c1601
6.01,56.5,000000000000000000029ba338de295798d0f6bfc796e3443cac94cc0e25bd41
2.67,79.9,00000000000000000004bced22b859ea6eed3865fbc367cfd4ffc26fe479b7a1
18.48,75.5,000000000000000000027ac66e619519cac4ef70f5d28a4a27ad42be1c95cd2e
6.81,87.4,00000000000000000004b4ba30da5cdc48abe61fb0b8c664389e3ad0c534a264
8.74,89.3,00000000000000000001bc06d794aa99454f9c948184a12d5e54ec5a63cb44a2
15.88,99.7,000000000000000000030085ae197daecef2c35d15b19c67f0b1ea40626f3c4a
11.22,83.1,00000000000000000000706eed958c766716cd9f52da43c511270d5330b7fef8
60.88,94.6,000000000000000000024e30310592928f01f8b4e3a86b828cc88be3398cdabd
1.53,87.0,00000000000000000003e11e000eccf572efc44327770e234a120b3ca3a6a459
7.28,42.8,00000000000000000000338f333d8ff793ba3c76a98458d071fd0b25036b04f0
10.3,58.399998,00000000000000000002d4e01defb074482e4a2d91a33df5a5317e3360ebe8de
0.4,98.4,00000000000000000004da498286628a84ef9255585392dc50a1b257749c189f
17.81,99.6,0000000000000000000247302b45d7b6df8f2331f5bf50ac9199e8e277667016
4.72,56.300003,00000000000000000004be352b7cfa6d3caf931c369875df5caaa07fde6bb06f
10.3,78.2,000000000000000000025cd2ed8d1b56472a8f8ad2fbad6e9e31578bf65bd1df
14.02,80.6,000000000000000000028b21c4a9d2bb16c821d59e0aa68fdf0d737317456f82
1.39,74.8,00000000000000000001730d0fd3ee5de609ee314d415df8ef785edc9c4a2803
8.56,55.4,00000000000000000000be6d2285a615e6933f02f7195a97b86b560c344f33fb
1.41,86.299995,00000000000000000001ac95d2ca2566b9987969f42855b74b0d5bec46f9f212
1.51,93.6,00000000000000000001b9c4679d27da860451cdbd6f025e43635265a76a738a
4.7,96.4,000000000000000000005df5b5062756edfdd1a1329f5d5d7f61c30efaa75eed
14.09,68.0,000000000000000000034306bf9f0415f77d27315440d3a69cd2722ab98ea50e
1.64,53.7,00000000000000000001469c7c571a34842cf4074a83a02b02750e1e5a2dd02f
42.09,91.1,000000000000000000048900f75d0ede6927293936fe4d4d247db6dc279fb440
21.41,86.0,00000000000000000000aed8629ff2100f0545c12710b4c26927fa1bfee60ded
1.54,96.3,0000000000000000000117c4517a75eee102b97ccfe97889e78b7ea05830c264
14.72,97.2,000000000000000000029e54e21b2734933f302d589f97dcbcc571d6c791c025
10.84,89.700005,00000000000000000001c77c38740e981a1c48a4bcfa7e0c40bc514daa8002f3
9.34,74.2,000000000000000000013bed0311a6778c93be6e0294efba53d4eb2b4827f8ca
10.91,71.0,000000000000000000000a31f3a91180b37ea118d3cb4f44c3d78cb9097fb83b
4.29,59.3,00000000000000000004a11a437f6b85ef8b4a0059e48dc24bd2937fc9bb8f6a
2.0,98.799995,00000000000000000001d358f9320e27a2c432620c782e7cbbc9cc9fa020d6e4
40.61,94.8,00000000000000000001f5340fabd5de675f88b54dc365eddb39110b532ffd84
7.83,80.5,0000000000000000000391ed45dd169ada1b9777ad8700b9cc82d2ccf6ccdea8
14.74,79.799995,0000000000000000000468c1a787983256fc554a4fe90fbf052b501262cc55c5
11.66,93.6,000000000000000000001d032e3bed519953d6f08f34f4e9a2d153291ff91082
8.1,69.700005,00000000000000000003e8135825feffe4bd30a3b262bb946786a53d273e93aa
9.5,70.8,0000000000000000000035a560140aa1178cadece3e5976e9f6d6e248c5fc63c
3.8,70.4,00000000000000000001ddb29daed91249c6fa139b8e410136dc63b2abcd6ab8
27.84,96.6,0000000000000000000001753063c8733c52a746def8597f9008afec008bae42
6.23,80.6,00000000000000000004d84d1f1ac10ba0355c60cb6d0f0c5001648477113c9a
7.45,91.1,0000000000000000000049c04ee996e9a9a5113c168d381b85a8034654bfbede
14.21,99.4,00000000000000000000957cd87d41cafba0a635e523e03d9c4d76357abce63f
3.31,64.4,00000000000000000001d3f0de1d91774303cea343a5ee725f2d8eba61a638c9
3.01,28.099998,00000000000000000000994627d965a69d6da551fe8e7cfac8e7ef7643c6dc78
1.85,47.5,00000000000000000003718dff2e4a24c407d6818e59cd4422591318498efd7c
9.38,94.5,00000000000000000001bda21163b75e3cccd31e176216c93678343cf2fac9c7
13.94,67.6,00000000000000000002651e0974a1f0afb4def88047a827f73088a50f761e81
1.96,57.6,00000000000000000002d1d6c98c1570b88db3d8124f34d997e89d4e8532b913
7.45,51.899998,000000000000000000038cc218cd3961554432e6e7c987eaf2c13f15e5031cba
5.11,26.1,00000000000000000002eead9a4d39d12bb51a61b0b268ca8b7d3fb891dceb7a
33.29,92.5,00000000000000000002e9b3074b449d3476e06aa9b3ffe5a219c5163ae02dde
4.04,92.299995,00000000000000000002492c9b52334a2bff7281cd3eb00ba48f90b85a0f8d15
16.16,84.1,0000000000000000000474a3a6239eae37461c0f2b34d9db3dfa35456ed956b0
7.17,64.5,000000000000000000023d00f5576c557244c7d379a946dbfc647124974a9a99
26.47,96.9,000000000000000000045f745a20fe295ccedfabc3fb64a920697151922297d2
7.74,75.4,000000000000000000041625c731f4598983f9764c6fc5b7e0a0fd4c9a5e0dff
6.8,95.8,00000000000000000004cef2ed8934cd9ea3c148f2dc564d3150fa3bbe634b00
37.2,88.200005,000000000000000000044d56da2bc398f5d594544bf4261b761131e40df6a5e5
41.43,99.9,000000000000000000007171006c1579962ceaafe64c02cbd5e50d4534c63992
7.95,89.8,00000000000000000000b14bc4f43cdcb107e40a2d0b57a0159d791163edcca5
5.14,66.9,00000000000000000004a857f6bd56e06b2e60777970dca19dbf0190a433b7ea
34.94,91.5,000000000000000000014a38cdd8f6ace1cf8013d4545504d1f69aaeeb62040a
16.03,82.6,000000000000000000034e462eceb9a97af870ef1a29a45363186bebbf9d9a30
20.51,99.8,00000000000000000000112e2bb5bec393cceb25f1a559a09c541e1f49fd2fb2
10.97,95.200005,00000000000000000004944899543879572d30a0257f1460ac7fb65de884f19d
14.43,98.4,00000000000000000001bb368a3e9b77c4e4ce0405b6d2c580996312c3be22a7
7.84,78.2,000000000000000000033f2e667b6769112fa48c1ea0547fca01d0a63178adb5
5.61,41.0,00000000000000000002cf1a9a3dbdda28c2d737177db32442be7b2eee11a1fb
5.79,68.0,00000000000000000002ee073d716dabce2d530c32a6bda14449d1e26f44b17d
13.31,81.8,0000000000000000000126534f282698849d4260925ae80039ae26dbd05824ba
15.32,73.6,00000000000000000001cdc08f234393de2ec945fc109c8b207444bd85f7d76c
18.71,82.5,0000000000000000000120feb7cc8dae761cfec36bc688160c0bb7b198542346
4.41,47.9,000000000000000000048e8f250c562caa44ff44b06ffc8d3bd5e7084d1ce322
1.89,27.8,00000000000000000002c0f744afd6504f681ddaa4e2f993e00883b1d02897ae
8.81,61.199997,00000000000000000000fe81c2c78fe358a9a5f814b44ae9892ad2da3b463288
4.89,26.9,00000000000000000001aceda10147c1064406f1a8bd98e248e46424c72b386d
28.43,93.7,00000000000000000003e3f3bbc1941f507574ab7ce00b4d08a9b5804ae3771d
22.54,91.399994,00000000000000000000ea26250b1c4107bb430e95da6e65ff1632f7eb66c2a3
29.45,94.700005,00000000000000000001f1d199a850c39ee57fc653fd58df8b285551de5ce724
2.89,71.4,000000000000000000016ad86be0be4793bf450d07816ed016cf375838b1dc2b
5.02,15.6,00000000000000000001d25123214fefd789a6926fa5b66260d540c0d87ccac2
8.76,63.7,00000000000000000001ed011c259070b15999d1517cc3fd21543131de453d25
50.55,91.1,00000000000000000003850cac0104f3ce066e779314639590e9c4583cdb62e9
10.81,98.9,00000000000000000000121cca44573fe141dd3345154c20c0635b999feda7a5
17.72,85.2,000000000000000000006f349d681e139793b7db0c304eaa88c93c39ca226c80
5.78,63.7,000000000000000000010009b8732a56833a25da7125d97bf5d8facc68cf8e4a
19.56,86.6,0000000000000000000107b1f8bce6ce6585f67d31cc83539eae6f68e8d6c714
4.82,54.7,00000000000000000001631243b00b6c1019c0d833b6738e0c591dacaf4453d6
5.88,54.000004,00000000000000000001e427447bf20cd6c4d9c1df86e4f1c404342d7cf88a20
3.15,50.6,0000000000000000000158282d05f98773afb3574516b57d86aeb54e5e026a53
7.84,42.399998,000000000000000000041340655361b4ee21aeecb526cd6d57ce2fa4c3943647
9.36,60.2,000000000000000000032ee0c5c79f66316b65061d15b50cf3190e70d2970df6
2.53,72.7,00000000000000000001b3890e6ec6fd2b8c9ee91df116ebc7be949758098552
13.74,78.3,0000000000000000000128c9e3dcaed687b1aed9103daccc4b0ab6c25610a03b
10.45,69.3,0000000000000000000321fcb8062e5963ca7eb0a440c964d7afb87e60e468a7
21.0,80.4,0000000000000000000223c5283c7913346c738dbb8bf6f9092d36e979f3217f
12.24,86.7,0000000000000000000005806e336015ed345e9697d1e36a51a2eb2ba30f5996
8.16,76.200005,0000000000000000000454af52a0e86c7d3b7763661597d1bb687b095089038a
6.41,99.2,0000000000000000000475d521930d3b17ccf8003408174cec1527702bc5419e
7.62,59.899998,00000000000000000003f2d3404cdc0adb0189e6890b8cd9c4861ef20dee14c3
9.65,58.0,00000000000000000001493222b796f1ac0307b8eefbd5239a2768dae53dfa86
11.22,97.299995,00000000000000000003800c814049a916fd9b5cf8b6902303b2b89ca10472f7
4.81,78.1,00000000000000000000491b9dabe184d0cba4dc47115acae380cc4100d9374c
1.25,97.399994,00000000000000000004ae53f06a61a2b78a125a5d85761b1c802dc44915c6de
15.89,96.7,00000000000000000003686f7c40e51d43ee4b1776fd5638cc33e85fa54191a2
23.76,93.1,0000000000000000000079fd7b453210bc684401262a452c697a85dfd28b1489
9.39,97.899994,0000000000000000000052d4fd0c091dc0b019d6ea874fa7ba85e1a2599c99e3
25.78,87.8,00000000000000000004733b01cde00fe82e25da28e96989745250d95f16aa1f
6.87,47.3,00000000000000000002ac878349d4ad45e1bd1849e38dafeb34ef5b754d8539
7.07,81.8,0000000000000000000019c5252485cb98bf76e92bdcea968408d8a754d7b870
18.5,99.299995,000000000000000000016d70f24fb7b0e843b352c1259f62788d2ea69714b130
12.55,80.299995,00000000000000000004537ca05ed90b964cb2bef92182fe25bd7678e7ebe6e7
12.98,96.7,00000000000000000004532dbedede77191b11688563eb89a5d102eaf5e1e292
26.73,92.9,000000000000000000010a96c7a392248a4263027ef15bcabd3304f8d386e670
5.95,68.7,00000000000000000004c9f9dbe6aa7a940e71c0ce095af903357af3ee20801a
2.93,79.4,0000000000000000000477bc5a54cb3c335ed139655274c8d666e7f8b25547be
3.57,99.4,00000000000000000002a2f71423dc8a241025272b7ef133db299b75ca439f03
4.07,99.6,00000000000000000001170e03eb5909dd05bd68043df44fcdb3e1472a9829f5
30.07,99.2,00000000000000000003fbdea4a2d148caf353a81c63d3ee461fd215ae18400e
7.6,74.9,00000000000000000002ea01a5bd1e422640835a1b69ad72973bd5f6303dcba7
1.25,69.4,0000000000000000000008962f862a2ff4c99fa12039b5690920fc6d744632ec
12.53,73.1,00000000000000000002235ac6d7b7fc901c917929528c4f3d16a1d2d106dc1e
17.32,93.8,0000000000000000000285bdde3c35ef552b56b4d7b6d02229ddd0d1f0108308
4.0,99.0,00000000000000000003005b522f87e4c5641f67b28367de89b7c69bd9b6cfe5
32.37,92.9,000000000000000000037b45b939ab997bf1d427f8a576e9ecfaae5e46d0771d
11.33,80.5,00000000000000000002e581db2641084b0aa89cd2c93222b325d9cfba1d987f
5.37,56.300003,000000000000000000012773074b23cc9321367fcd415fdccfdce08c2eb57fe7
24.88,85.0,0000000000000000000272c56c5d8157910405fedeb0e436e4565d780dcdefa6
2.26,82.4,00000000000000000004237bd22650508a199c3980b9bafbc42aa390cb38806a
16.59,84.0,0000000000000000000260d821d95148706439d6d5b9dadcb0e34ab5074b5586
3.9,87.2,0000000000000000000398d70a01d1edf5ea6ecec7d8a0accac4edeebcedcbfa
6.08,51.7,000000000000000000025d48fbeae45e12a89390900595094727fa0c906cc12f
4.8,46.399998,000000000000000000019d7dfa67d5b00fdfe9eff56a1b4e82297494c3581bba
7.32,38.4,000000000000000000034f5323eaaddec637364b74e8436109624cc32ecdcc15
13.75,73.9,00000000000000000002a75453b4a7fd8b359370cb80dda39bb99df128584c1b
3.92,54.3,00000000000000000001cb072964bc7e1c98dfb4587afa2b5d20a27306a111bf
13.79,88.5,00000000000000000002cb5ffb0054d6d9f7f4065e101aed4e940039357aa70c
6.05,23.1,0000000000000000000461ea6cb488d80b2398dc5208e987f6cba38fd726dccd
8.66,67.6,0000000000000000000450de70c10ee12c21b7afab60ca22edb3608fb778713d
2.38,22.6,00000000000000000002e565823446f188f004f19ba71b8b3e8a477bcbff8143
3.4,21.0,00000000000000000003149e2eed4fa9d3a46b316653c14ea80c0225eb57f1af
21.75,79.0,00000000000000000000056df2908a2c7463c8055dbb84b6c3b82585d32c5daf
9.08,76.5,00000000000000000002d31055377691da90aa75368337f6a4601de288fedc89
7.22,88.5,000000000000000000003e67e820b7a85b6e5c0344fa0c73d7c0de2224e1fba7
65.75,95.1,0000000000000000000074cba89661782ecd71f1748bd5fd0568febfc574490d
8.77,94.6,0000000000000000000188852ce55bb5bdeae70f84e1c24b531e0287fc3b37b2
10.86,90.4,0000000000000000000287e21e7eb3f2f1ca492a558fbf5b7f59033da858f3e0
3.12,95.200005,00000000000000000004ab836a4b7e77fa9b3b4473cde837f89c9003f957e236
10.86,81.4,00000000000000000004cfd2a4c8edafac5cbd376023505605c7157eb42f0d8a
12.52,69.4,00000000000000000001f7afe681eee11dc98be30ed4e8b9d4a0df546414e1aa
14.91,73.1,00000000000000000001ae1a54f79911b88c383648d24950424f40b366460e9d
6.65,86.4,00000000000000000002dc7710176934950fa5747ca79a8c23e56b2908925d3a
13.94,99.7,0000000000000000000190abf51d4d17516ac542e9835d3bd2252e211360d3cf
5.14,48.100002,00000000000000000000508e5f2617285fdd0c81d0defc2ec418f242b1966a7a
2.79,38.5,0000000000000000000421a9f1033a548a0b2cb6b19373401ce0cca24d138828
28.67,97.2,00000000000000000000fb89fcc879c8ccca117b218c4311f0b10c9f6dd57aa8
6.16,85.299995,000000000000000000040acbaeb0629c19cb382a3460e721d1fd6cb6713a0912
4.17,52.100002,000000000000000000027b2a52025c0c8f4f1b8be1cf0961a88168b9a6808056
3.83,81.4,0000000000000000000192e87de422ce86a91dec4133d6c1af7fa51f3152bc88
4.36,99.5,00000000000000000003ad8979ed29f79c47f91bfdad44314d3f68f544dca1b3
7.93,74.9,00000000000000000004de760a203980ca9750f1d36a360d54d6971f27f1044b
4.67,65.100006,000000000000000000019227347228f0edc6e90f13e017f89dba94148c32f995
25.06,87.1,00000000000000000000773fc0a629f180edee4d56c16416b2c886ca4a2017e7
16.1,81.4,00000000000000000002794e16f9721ede1b6b7b745f945062d9c0b36b5ad753
5.78,70.4,000000000000000000041562fb0844e087ac8d3ac7960ab8ef517a70c831de28
23.32,91.799995,000000000000000000042050205495adf1b050ccda0807396b45796c087236bd
47.62,94.8,0000000000000000000139a8c99c182e91fe0300f1100e8f97116c3b06119bcd
3.45,97.7,00000000000000000004c74b4a96f3f2637aafef8dc3c5fd1a914cbac0917651
14.4,99.5,00000000000000000001de92e7e5d2987a41b52a9dfe5b11614e5b7ec80998fb
1.71,48.2,00000000000000000002be24ac368fb461fc1f97fd04f6cfcb0c11342c0e481a
8.47,80.2,00000000000000000001800860c582fe21b7c35b67d1123f21d6aab7d858cfc3
12.03,97.799995,00000000000000000002a1f19d2452fa67ea7d17dab4ff89be718bdc63c322bd
13.9,74.8,0000000000000000000427e57bd970bb817df22e75152ea6a17198a697c3058e
12.31,86.5,000000000000000000041f31344b8d5358b24c21aa8c055869090b6418948eab
13.26,86.799995,0000000000000000000055ad7442c19e5c19227c7e6ccbda449a07418616e113
26.99,94.9,000000000000000000029aebd7b094fa2f62cac66759646069ceb88b7dc4901b
0.7,99.7,00000000000000000002c5572f0e2ffc88509da709060f3a8ff482e8042c1ead
5.14,92.299995,00000000000000000002efd0fc8801b149f505b125308a35c584ed2600badf62
21.03,95.1,000000000000000000016d8e2642d3f694b66507e8962553405e017fdb04cb68
5.64,54.5,000000000000000000036dd0330ce9a54b8adb67d1d2accb4837a6e26552aef6
4.4,56.6,00000000000000000002d34e09e4fe88d6df85d583331e6bff8f99bcc7376426
7.72,99.7,00000000000000000000409f0f9fb8b50a151fb45ccc432efa6daf914c4d8d23
7.54,67.799995,000000000000000000037641a405b38c3eeadd082a7dff2b2b6769f503b7d675
16.13,78.3,00000000000000000003db2161a74ea7b172e7644d65e811066492fd8668df9c
4.56,45.8,000000000000000000014635452c25cd6349f92eb8b8c68c065fedf5086523c5
6.58,84.799995,000000000000000000022e69ecf6803ac002840075da1f9c9585c2d84643721c
5.11,25.3,00000000000000000003e36ca650efac93a623b0f283da5e6af0a395a9d2d1f4
19.18,83.5,0000000000000000000159dc61deefd205bff3c07d5b122d8908bd0fc0e04413
12.66,95.4,000000000000000000027771686a5ef1b46abd096f85f22509978b7248cbe19a
7.67,69.0,0000000000000000000292b453069ee3b124b68257fb4b4dcfa07adfe4946c8a
49.83,92.7,00000000000000000001ee6df8ac68d3547f706b16821cabf0ae518641175bb9
6.83,99.6,00000000000000000003a538ad517e9ceace9b022f5a4885dc47442165d8c8f8
13.3,80.6,000000000000000000040142b6997b9e8d96fd051d6f69d4b79ff0a5d9e8f4c2
16.89,98.799995,00000000000000000003c42e62bceb7490bda86d22d1095e550652fe49b4cf9b
14.69,99.8,000000000000000000028118205cc4be12a6e34eb2b5b67545c2ad19b4295323
29.71,84.5,00000000000000000002b1846c510d00124f37467625b84be86b28e7978ce1e6
8.33,74.0,00000000000000000002879a61c484afe0bdfed372c002c6c4c9cc170f9993fd
0.59,0.0,00000000000000000003eb013418a9e3f868c284e1e795179be1cb7eeba2628a
1.77,31.400002,000000000000000000040bf1b648bcfc3145c95a197f97a24be3d5b7a8a4c1b2
12.04,96.8,0000000000000000000020f1e18a4298d6dec99bddb55c3ef303f842a692b160
6.13,86.0,0000000000000000000265bb40cadeeaa8c299c538350deeb0bf64ad3b149529
23.14,79.9,00000000000000000000bf0f8002e74ca7a8b57d8ea2ac420202aa9c6c6ef34d
4.22,25.0,00000000000000000002a6229a1248dae9db33a8c603ca1eb85a73afb09d6cb4
6.55,87.4,0000000000000000000018a263a335a046416b0c2354b716a177766c46e5946c
9.75,90.200005,00000000000000000003ad681ffea30103b93cfa344db727786df0a1af03d43b
5.92,23.4,00000000000000000002033565f4999bb233a067fab109af78bb2df9d4eeef3f
0.99,96.0,00000000000000000002bc9e68c5e053f597353579d84930ecbec1501866a7fe
13.18,77.0,0000000000000000000037512d1d274cb657305ee2f98ddb48dbf24dfaed94ac
11.79,63.300003,00000000000000000000303ebc065d02c7791cc402736066279f69dd032897a4
18.28,84.799995,000000000000000000009d93513e74d152d69c53b61b7bf3dee18378bf0c703c
21.96,99.1,00000000000000000004a0ce35a1f24aaa572e87a072970f9825bd94f05c9b09
17.44,87.9,00000000000000000003ba09f6a18c58561194391a9966b846aed43a7dfc0d71
6.29,61.5,000000000000000000045398d6a068f172b35263022c957401c8994b9f0daae7
6.82,86.4,000000000000000000002f16d277c4e32a256b7519f6367734eb27afaf740307
8.37,51.300003,00000000000000000002911fcf692c482aab2e43f90471e5bef15995eade53f8
41.57,96.6,00000000000000000002f33657dcc430c8f7b6d27a202406cc957e9f176af5e3
2.91,85.5,000000000000000000012ab0d73224c3db74d198f7dced9882e463e5f6bfe3d6
28.33,85.399994,000000000000000000047f7620f4c7a1614bea5c605ef0ae8518f688b8936ff0
9.59,72.1,00000000000000000004895dabeb87927586046cbd692e9e503e98e9d26ba237
6.75,98.2,0000000000000000000481fdb27283d22a767c4e8d4a273cc4d83ba87f787b9a
32.27,91.1,0000000000000000000004b712d94464b607c21cb3d8619aefcd5063bc720c74
12.55,99.7,00000000000000000003253980fa9e9f1ae4e17a50183b7f83163e31a1879b00
9.8,63.6,000000000000000000008defe8d109badfbe4fdd368aa720a4a129999969770c
21.99,96.9,00000000000000000001b31017b82e0fd81e57d90b626662da34289d940ab204
33.62,86.5,000000000000000000037ef6a76efa296fa152002287decb2b665de493791bed
8.45,81.8,000000000000000000019545088c27321a9780f16fb798651dedd6bdb6f9fb7e
2.22,99.7,000000000000000000028f23af21c96582618705e04411668971a3e9841a3c99
25.11,99.7,00000000000000000002d95ae6b93fd17398c7d6648f09621f99d063e717e345
9.78,99.8,000000000000000000015904fa0ec31c264f9d690824bb6d31bde9cb2e984042
6.86,75.8,000000000000000000028a87e6a0899ad85b5ba72a069aadaf04b796ae3e0b4d
58.93,98.4,00000000000000000002babeda2aa37a1b74ec1254a499b762a18d256164d187
43.43,88.4,00000000000000000000f0cbec8bfebc04d46ed9e45a2fbe266a7823ca74dcba
55.09,88.1,000000000000000000017cb6a19709a08091e270cdc3cf1936aa4b1a87bfb065
0.14,99.7,00000000000000000001d3290b7cf7e3dc43d7953ab31cfe6cccbb19ee74aef1
9.96,70.8,0000000000000000000018c7c644999c7ecef0e006a1edbfadcb8bceb4ae8fba
16,61.6,000000000000000000017c848db134dfeb0fe5ebf5b2fe7b6fa59099e3f9850d
3.43,66.399994,0000000000000000000208e44c124530686b11426af993de11fda4039d73f3e6
7.28,70.0,00000000000000000003e9302c25e285f768c9a0c983747fa1caa75966b5334b
15.17,81.0,00000000000000000003f4b08454315ca356118a49e19529f995c39041543306
1.71,27.900002,00000000000000000002c30fc277c8748be9bd1e9621247b8abf6125de327aa3
2.42,92.2,00000000000000000004cc72f18c9a2c22e4511de62e943904ddf919a18f75b6
10.06,95.3,00000000000000000001406a2c73cd2752d332f15cf8650d8bd61dcfda48d4ce
8.92,51.6,000000000000000000043839dc1dc8075528b485798457859b17788f6bbb8122
2.86,29.699999,00000000000000000002e754568354dda5741f6cbb4afd87d40a0fa3b97cc3e3
23.28,98.6,000000000000000000009304eaa984387a0baf5bd971a1b30b05b3a05ea48761
33.69,88.3,00000000000000000003c5984ba77d3c87417aa2c1c03da5bf048b9dea238e9b
7.79,76.700005,0000000000000000000383920133f80d56c755097c2547537c0d03d1465c1766
5.86,55.299995,000000000000000000040fe2c447684b2245390dd3018c75758a09314f77ee24
3.35,80.4,000000000000000000034590470703b408d9c966e08c91bab1ff4b2a7a0598d5
9.17,66.1,0000000000000000000461607385c549b2703a09eee99f929fa7af0e18a49f35
4.21,24.4,000000000000000000014e2c134c02058217a7247548e213d01f9490c939fd77
5.23,26.699999,00000000000000000000ab220e7fac7f11836f5f135b8fca5799724d747edc41
3.58,23.0,0000000000000000000204f5d3094a9477e4647a2182d9d7f0e273e9d79ccd4c
9.46,71.200005,000000000000000000019557b056300f1a29b788b4080c8b0101418973c6b706
10.96,64.9,00000000000000000003d442086ba95eb08c9ca7e9554750bd4baec73897a66d
8.59,71.4,00000000000000000003c1e37261a980d01ef66a4bde9cf37722f9747637d97f
4.27,54.3,000000000000000000008f21f96a3c6c0ea405b0c51a6b864b14e8bcb3eeceb5
7.3,43.0,00000000000000000002e78c8b88a228db149404c693f0e6999debdacc8e2d66
1.07,83.1,0000000000000000000126c60537b7b83e2cbc38eed1b652e24d870bd5591139
6.63,93.5,00000000000000000001fb609857f29745d872859c489ee1a7b09ed4ff10715e
13.11,84.6,00000000000000000002851c69bc0891cfddfd342a28cde5e8b4c23807b9ba7d
5.28,63.800003,00000000000000000001a12b4c67dae22a1b555e764b578a3f82314627beb5f4
17.56,92.9,000000000000000000024ac4dcae914509be8f89748f27904818dca6e6fd6111
22.99,82.200005,000000000000000000021f937f1458571dfdb68f01df05caf83905f8ca1393bd
12.91,86.2,00000000000000000001f7148b851bebfa07b296b3830b7dd5cbed88ef0270d0
25.55,85.2,00000000000000000003922eaaa67891477be983b82c1c59c3f08db76f4b587d
15.44,76.4,00000000000000000001de41a338b6d74d364c602c8596ac0baf706fa0c88362
5.91,99.6,000000000000000000001a28189ddbecec973108316505ef3a69af6dc793890f
12.0,85.299995,00000000000000000001a53d0c5fd01901c10fa1420b85e41fe2f8634b1ddc22
2.98,60.9,000000000000000000003454558878e2a1f5845ca24e9dab282bd1b935f93772
9.3,91.5,000000000000000000034ef7e9a6b19aa2cbff621e662e68712e0c25ca47d87a
0.88,69.6,0000000000000000000145251754a703d6b60f14d0b18279636a117173ab1930
19.54,80.7,00000000000000000003d2c68ef1c65aab84919490eaa713b9acb6ecf56b405c
0.66,56.6,00000000000000000000d305d6173995efac9b24c47746ab897a9608889aa76b
7.83,65.3,00000000000000000000040e5bb9f063d3fb9ffa73ee91622d64d5eb84746fcd
19.39,89.700005,0000000000000000000122460f69ab9fe42fcecf2dee863f5ab37ef7eeabfaeb
13.66,88.9,0000000000000000000255c32eae1f98aedcb03191688dda80bbafefe7fb2d97
32.83,85.7,000000000000000000040b49ea6daa443234b09e73260d2b0b05f9fe335a70ff
21.92,94.4,000000000000000000002d98bfc80e225247194f453928602414443758a3a45c
14.51,91.5,00000000000000000000a04503a769e502c39f5dbdb4edbe91b32f92f0c5fb4b
21.66,86.299995,000000000000000000012720523482e67dc3bbe031980bdea8f6bb02fae53b5e
1.95,81.7,0000000000000000000138768d7a6b2af3052e83f982ff013b1814552aefa112
6.54,69.3,000000000000000000004786f51b3e3e6bc5d5b9b21721992eb8dca89f65f7c1
1.96,88.3,0000000000000000000003d537c71215ca965d0ac79261e496bd9ac33843c5fe
12.79,78.5,00000000000000000004bdc5bfb165f0455894007e78cac4ed12f96da24f1c7d
4.81,38.5,00000000000000000001feacdabfea19f782de7afef5f3a3fe480d2f8bd94a97
28.0,95.3,00000000000000000003374554ff1caf9620b9443372a1f79fee5f0cf1752c30
15.95,87.1,0000000000000000000284d16fae43f425855e8104047c1c8d5605f63215367e
12.76,99.4,000000000000000000042a75a6aa670cdc570903a90d26cf7c6fc3a8f7095d51
10.87,96.6,000000000000000000003cafd03c3adc3130d660e7de15d5c45581ee5bc2f877
5.07,58.499996,0000000000000000000060fa0a0df17276484d0e4394d4c8cd0f52321d2832fb
13.24,95.4,00000000000000000001d65d539ed0e0f9f059261de4b66d15f236cbc4fd82bd
13.69,71.0,00000000000000000003322b07f059fbe587dfdbb6a46f81405594129a20355f
6.7,93.8,000000000000000000048eaab8036eedbf423de7c56660303cd3442d7122e15e
9.33,97.6,00000000000000000002c362cfe5924fd34cd26766ac974c84e481733909b872
8.2,72.7,00000000000000000003d507fc192b0c34420b0f17aee4fe0a0669f99c8ccdfe
19.99,90.6,000000000000000000039652ac2b9a84863a22d1b7a3f81e7bba1e161983842a
3.71,73.1,000000000000000000028782211bcc8edd7ac8c70564e8b9be17bad862cd4094
20.06,90.100006,00000000000000000002e0045a5a76ecb21416b39f9d229d53346ccb75370a8b
10.51,67.4,00000000000000000002cd8c5bae277bc97ddae694f4df638adae862d5058015
6.07,96.7,0000000000000000000401148f7125afb777fc2e19408caa7ea330626e553e8e
3.99,86.4,000000000000000000033b4ff5a40091c673d5050d138e264a4c7a628b24b841
32.95,89.0,00000000000000000002736d35823a8465d0de439cf645774606bfde67b4c140
5.8,99.7,00000000000000000002f2421f674edc65a8ff7ccca19a3fb4ec924473b209d9
5.18,99.7,00000000000000000001af8e12d9da04accc87df2983babcfc1b0a6926dca2c3
12.1,88.5,00000000000000000004185baa1e335951604e648b5737202647b71e600907f0
8.81,95.700005,0000000000000000000144f0db4939c1066be0f826d9b8dea369b7ac77d4ff84
5.41,92.0,0000000000000000000071f975e5d417a510fcbefc9523715366fa775be4ad20
8.71,49.399998,00000000000000000003079de684e948341598a44ebcff8de252221921647040
5.0,6.5,00000000000000000002062b91ad1c4f4069dd7e9e4871d2dfa5f0e96d66588e
1.01,27.000002,000000000000000000036ee1507c0bfdfbf82223156fd3f23eaddcabe2929b60
4.59,94.3,000000000000000000040f0637b1ecfea89fda38277246baaad4a13ce05333ce
8.35,59.899998,00000000000000000002d91f8bc797b28d22a82b5919b637c1b26293b81c1048
23.2,93.9,00000000000000000004566033964aec73b696925a6ef7aa618d1706993000de
6.69,22.7,00000000000000000004428791ae427d32a2292cfad734845bb13fb0e1f851d6
0.97,79.4,00000000000000000002a16b6ba30622da3a0958ca53b89d99efe2766922a219
15.38,85.2,0000000000000000000098d83b1c55f3635a1da020cfc3fdf039e7f896895a47
6.19,64.600006,00000000000000000000f156b74e21a26f87db4abac7f63f55a53225835efed5
5.1,63.200005,000000000000000000040bf5b10bcb842006648abbaf47c4d06ee731ed4a28c1
9.04,74.5,00000000000000000000c7ea3aa01526a39cd50273aa59a5175a93898294e163
12.04,63.300003,00000000000000000001a122c4e61fc0091ffb19584ef1eab8e2cb92df637345
2.21,45.899998,000000000000000000033b953d0684eec0b318f2e696a3d3b05ae218166e663d
9.96,89.5,000000000000000000031ab612011d30bbb5c9bd2cb322c5da31c54eb895dcff
14.85,89.1,00000000000000000000cef042baa4791a9941be5b024a58687b219e9ef939c8
5.66,68.6,000000000000000000027a703448f284519039860a18a1e1634b6fb87d77c75b
5.59,57.6,0000000000000000000465cb33ac688d08025e1b8b9cb029b7b87397284ea676
2.82,92.7,000000000000000000005d1fb4da86ca07ff6460a8704ae8bf3a459b1dcc21be
15.79,96.200005,0000000000000000000241f0656afd8f674243f107cbcdea2ca3abbea6ccd6bf
8.26,95.6,000000000000000000003091837ace5cc4dd4263e27e031202f3dc92c6643d7b
6.05,82.9,00000000000000000002cefb7ff4d72727c47bba70338fe101e23104eae83e7a
4.63,23.1,00000000000000000002caa3755040cfe752f9bc8a0c1f6d7eef3dff7f44c50c
6.98,79.1,00000000000000000001ba57ced3caf0d6502ec9143c17321553eeb076ddd585
5.16,48.0,000000000000000000008ac6679528020bdb718e790f4b24214c7cc1ac5aaa32
9.17,73.2,00000000000000000004dbd3db73e6985bf4113b0b0a37db57f0273508389c6b
3.68,92.799995,000000000000000000049653c7d7c9ae722e2c69e91fa5eb0d8abb0e026e0de6
10.64,86.5,00000000000000000000e079cd05acd0122ea1b99e52691edee8ec4378d57b77
14.19,85.799995,0000000000000000000219144acb151a57ee32e116c1bb6df5966cf5439463c0
2.3,74.7,00000000000000000003fb0dad9c25a200b38240d69d77f7574309f560f1e189
5.51,87.5,0000000000000000000431544f51348ab42c69c07ffd3202364f53b43d276596
7.09,63.6,00000000000000000001ba1eb2cef1db23cabda5084d6a005b1c6238300a8f33
12.2,94.700005,000000000000000000029a6d9b6cdc34dfbcb90f394f14f8c09037b761dec990
23.87,83.0,00000000000000000002fb79d8c11478370f5a1426053045aa30d5a85c27b14b
12.46,85.299995,00000000000000000002c7d666a2dcbb626ff688082d89313ac9912c3bb520c9
9.49,89.9,00000000000000000003981d98518e87e81817f384b52993d679dc2fbe95870f
7.84,54.000004,000000000000000000001001950c23c76fc3bb1be98cbabc5d16192d516459a5
9.4,60.8,00000000000000000002032126aa5adb5f5e12b8ffda517cfe05b819131d2c74
2.42,63.9,00000000000000000003c0c7224d6657fa240e313d6937179e14aa97785440af
10.62,81.7,0000000000000000000186fd0203f2424939b937dd2da7c4b76d9c3e77607fbc
8.48,95.200005,00000000000000000003fb4866d7bc40404d9a540bbef94e23c00af6d31243f5
8.81,52.600002,00000000000000000001b4832d7bf816c7e9c1e2f33d5345694e52bbe449f9a2
0.74,81.6,00000000000000000002e9a23c9a06b48f8c955df37bedb8d839e0934c09348c
9.5,61.4,00000000000000000004cb9adc20d776f56d470c927405ce60fd996655f99423
0.59,3.7,0000000000000000000316333ff88e7add62afcf22884ca4a1dabbfca67067c7
6.49,63.5,0000000000000000000025a9f7c54d1a0c00e2ee85350303105fe05f39b707ad
13.03,93.6,000000000000000000036e24080ecd19ec4fdca4ae2a4ad233c33a5532b90274
30.6,95.9,00000000000000000000d13c60d51478ebb21d24088281f87a1e5082ac16a822
4.79,94.6,00000000000000000000b5b247799fbaf0c502203d3b0c3c91d1f560064676e8
7.51,91.5,00000000000000000001ac422dc75a5d72b38078b1d77574053fe746b419acb8
16.76,98.0,00000000000000000002d8f8de61995d05333fcdc7375648c9707a38fcc0696f
55.98,96.200005,00000000000000000003769164f5a5eed82b3baf3a999498991fd3ae4f8681ae
9.67,94.3,00000000000000000004579620b1e4ab7c7b57936f0a5e91481c521497b94cb2
4.21,96.8,000000000000000000039fc84946655faf707b975c72220f21e8beef414a85ec
11.16,74.1,0000000000000000000408f3b33ddfd811b04b2cf8768ecf897a7180405864d7
13.05,89.3,000000000000000000019a17e7b3f06bb9b92ca992d1c79bfa627b626bb7cf09
6.46,77.8,0000000000000000000063c58207c16c60c87e830d7b2f633f2e005a9dafdcf3
4.09,76.9,0000000000000000000331b2b24e41b358c8cbc60ce6498a50bd59a551dffce7
10.71,79.9,000000000000000000029964b1ba45d34a95218d144b2b475840a9d1d295f6cb
21.77,79.7,00000000000000000000aea348d8f1afa1245d49d32d0ee78ce23a46fc34f77f
4.33,58.499996,00000000000000000002c9f59f8ec7f10f07dbb051c198e390beb94bc44a61f4
4.26,60.5,000000000000000000005d85cbf0a7635bb96ef3ff18eef097f637bc0eeb5555
2.99,65.4,000000000000000000026cc3a32fc0c7010a8e2db1ef14a15e296c660008ffcc
5.85,69.700005,000000000000000000026f80a785704d966b66f787711400a1228aa634fbbe55
16.74,78.5,00000000000000000002e5af5cd84e87382f0ae683eb677cd1e0fc32ee8d0bef
1.66,89.200005,00000000000000000002655fc0433d8db2c9ae4ed6ed59d7492caf16c973ae97
2.75,64.8,00000000000000000002060456a7e1977682e501bf27c66c3ea5bd57ca59ea8a
33.82,98.2,0000000000000000000443284350ffcbce2b4bf8ee4df29657a8c118177a3c2d
10.82,74.6,000000000000000000035386d68b227742b2800eab2d87fe6c791e2fb5617c05
7.93,89.600006,0000000000000000000142ad6abae33027bcdd519f5786372a14544b772863b3
16.37,86.0,00000000000000000000950164362798e09b0a4d74f7a7c2d347997dcce1e468
9.97,75.6,00000000000000000002d4dad15162fd20221de603206a47f1ba4e1f26b3df26
5.59,55.9,000000000000000000007343aeeba84f93fabc73f28931ad72c194db2505a984
2.89,87.6,000000000000000000016204681e1d252ac9791a08bf173e7fd59edcc6b4e600
9.58,96.0,0000000000000000000253104fe44561206baf294cb45d819a4692a4f26bfcda
5.96,78.4,00000000000000000002e14756ee1ae6e6bf23834e505844bab56e57f05efa10
2.3,17.9,000000000000000000020b35ed666bfb1dbf5ed1ea2b4baedee6d179bacad7f0
24.14,93.2,0000000000000000000250d5e69fc1ef09407be0811b618895675772c25a6926
5.03,88.3,00000000000000000001a3e0284add9c1ea409496294fc249a659e72c223d88e
10.01,88.9,0000000000000000000240fd1f645da6366912c979d02fe3769cc56422e74afe
15.32,91.0,000000000000000000029c5be2c931ed6662565749229c4508efc9b863e894fe
16.52,83.1,00000000000000000002814d266b177e565a9fc932a94de86188bb88fb523cbf
4.0,95.5,0000000000000000000133f7765fc15142d62e29f9eb3efccf7d86333285b23a
0.88,64.700005,00000000000000000002303ff661f77baeed038efc243693a091a5871c7a3d80
10.32,96.3,0000000000000000000155c2aa6376480cabe5901d7c053ad30d91055a2a9979
6.63,91.0,000000000000000000048d3140af28236e2868282d69bd9724d7af75a67cec1e
12.67,72.5,00000000000000000004813be9b857fb265ccd7838a879ec97b1b0df82790b2a
26.39,97.799995,00000000000000000002d0a04b4a6bc97ad7d6b15f704ffc7cac94cd52633c51
15.25,99.8,0000000000000000000487a6ad3e51f4407517e5eb6bbc63e4db45631f33c724
7.29,89.4,000000000000000000027d5a3320b7303cac3120f6966469ec6f567ee6ab9211
22.41,84.7,000000000000000000039bd85a90e2e3428f4a4652ca5e6c611a4b2e015c642c
3.59,70.9,000000000000000000029017b8f624235502a208ec6dbf2309360bd9bb2267a2
18.6,95.3,000000000000000000021353861f8f2a446d75d703638fa519a3a524e0a2ce08
5.55,34.0,000000000000000000003e27980cb13329e5ef2cb969483613a56f48682fc8a4
2.1,55.0,000000000000000000036ab251cb37aeb176818b02e7478a1c7d95817332019e
24.27,90.7,000000000000000000004b4ac25131f14419fb444c6ad156a31916970589e6bb
13.15,97.799995,00000000000000000004a8142b7f2bea23948ec1ebb46e0aed6b5233820b739c
8.55,67.9,00000000000000000001f9ac25c2cc18e60d29c0ab976699f680e2081e736131
11.43,94.4,00000000000000000003941dfe6fba9917fbc2cc29e4e6dec13eb88472dfc597
11.73,82.0,00000000000000000002983d2adf0c6a6797a6b31df2b30291235b7f8bea7616
18.92,90.100006,00000000000000000002dbb95d77bfbedfb0b5c673269bf5e7b265207ac5d2a5
6.58,49.0,000000000000000000021a48ad2da886ee840d44e1145f62b1b9409d091eb2ed
27.85,91.399994,00000000000000000001d0993216b28301c4a3cbbedf74844806bb63760ad1dc
39.21,99.5,00000000000000000000c04699ee16e3ba3edb06a49d869fd500d655669b9098
20.3,97.899994,000000000000000000020e1ea5ceccb3f41cc1ba129288c59092034d440f9a9d
5.28,90.9,00000000000000000002cde7ef7c2be35547eaff9a2f1cec64d0496851888b21
5.56,84.7,0000000000000000000447f192702d2d6bc215c3e9d8b28455ea5a519cc8fd56
9.63,92.7,00000000000000000004d2b4c31726308a4afc578d94d1321b3dea59368e0571
20.38,91.6,00000000000000000003756431a76acd8bebf2bb2e8c0c56ebd64d9cb32eff7f
4.11,93.8,00000000000000000002c981150754edf299b455456597a3ba7344ab2d4e0a72
5.38,18.4,000000000000000000015b6d8aa3bf7010ff290c082d30f85fb098badf1f7346
11.92,93.0,00000000000000000002f10b747b320c5a82b1d6df81044ea542efb3acb58f5e
18.98,98.4,00000000000000000002244f93340d2699c9b9d21af98e76c300453513a31568
1.86,48.3,0000000000000000000195bfe37f468a064f5e932592619ae8e128c18fc0e312
12.37,70.4,00000000000000000000bc948587b3f203379c3186947ef29fa5ceec5d45de2a
27.6,95.1,0000000000000000000491de8e06cdcc28a0e998a715b6c1d859b4c1f215dba0
10.98,90.3,000000000000000000016acd4e22975121204118e5f89b08ce1caae6fa57bcce
29.38,94.3,000000000000000000020f215210f6f7fc905aeb76ca9953c1912425154e2e27
10.02,76.9,0000000000000000000477d23f643e208b41a688294685ac78bcf0d388c7078e
6.21,51.300003,00000000000000000002efb1b6578fcca7213445fcbb54858813625d774d133d
13.2,76.3,000000000000000000014b61a69637a0045381d1dc3ed23f6f1198a00c6020d2
4.91,51.7,0000000000000000000094e401267e964cc30ad715d58db160d64af4513cca17
11.82,55.6,0000000000000000000236f2ba5c81ac3a276b6bc3146a3be93cbbfba575c667
42.41,95.8,00000000000000000001f4974db5bbdaa6c51e642b6474c432c23458c9cd965e
11.35,85.5,000000000000000000021e1e5a7685660c682ca1ad255167c69e5eb4b420ee76
3.05,93.2,00000000000000000003e2dfad305ba2b18ff4218163c7da55153617e1e3b8b8
1.44,26.0,00000000000000000003e74c41cbbdf28e72950704ef00a758193c76f5d792bc
59.84,98.799995,000000000000000000038540e38d517b4a054a2d0d49184b0d83d9c661905c12
6.97,91.7,000000000000000000017fff7352ccaed5db3eb801b77a4a63839166cb7053ad
12.34,89.600006,00000000000000000003cb19a96d4c0bf81f9de869391ddca35246321af2d5de
14.8,95.9,00000000000000000000bdc3f1d8e5a6971786e187efd5669794635a7b573910
4.94,92.1,00000000000000000000cdf6b372a4c75e96afb86082345a0f5961d9afb09e91
6.24,74.299995,00000000000000000001fd66ca24d2419b13ea639705abff8f9ce82dbfce6435
34.13,95.0,0000000000000000000073f4f1a2a38be98d59300940a4b95c01250a03eef580
5.24,88.6,00000000000000000002e5a2e5311437dffca75bcb0ce75968b6453291ec22f2
1.55,86.5,000000000000000000008ba9e85bd33bdd442dba9e0094cc9a75a393c0edb89a
5.45,91.0,00000000000000000003762b7dec5a3c7bea6d6c1c94b7d51dbb4b3585d03fdc
35.69,93.4,00000000000000000001dda4727108813ca694e5c11fc25e4dfc6a2d14e3d5f7
8.05,99.6,0000000000000000000297a5c5198e85adcc5925773c62ab25848a01125493ab
23.44,99.6,00000000000000000003831d386e4965d757c5355859aef5f82e5d6bcba710e4
11.55,90.8,0000000000000000000084a6f906b7e5fbbeae068a585cea830ce6a25f3a8acf
10.97,82.200005,000000000000000000011a682dfbbfbb5e535f3717374366f37e34c6834dbec1
42.17,97.899994,00000000000000000002c756897266c62d5004de5887d6d43becbabac2187deb
15.39,95.4,00000000000000000002f04223f3ae302f34bebf2a2e9788d5b48158c33f98c2
14.72,96.9,000000000000000000014f48a577737702b41bcda842e9c9b21eda0cedfcc8a4
20.86,90.100006,000000000000000000016f8a45c6c0c36e1c37d8d9c38e8352ed45caf7d22339
18.88,94.3,00000000000000000000c9e19510cd3a96a61d628ed89e8bab83835c690b0166
9.56,85.5,00000000000000000003a7241be22ec0e10fa729b931174cbc6a10f36425d130
6.66,73.299995,00000000000000000002cbd065f0d121db870a2947c7bbb02a4685f00d0c3842
19.72,85.1,000000000000000000024fb2c39d914f219df2bb0063ba6d0d1074c51d59d2b8
4.93,50.700005,00000000000000000001df9394219ced52cb3789dc1c31408d6e01bec37c0b2a
10.73,55.0,0000000000000000000485ea48622ac86220423e871c5452fb305160fa7137a9
3.32,25.7,00000000000000000001279491c3c13341b92d5e325213edc7a6ba4dfefe0c64
4.23,67.1,000000000000000000035cbc1e223f5be87398f49557f0df1a091e7ae0423f29
4.28,86.6,00000000000000000002e9c4fc573b43da40f8589c6d6c5649f29a1a4032b01e
21.47,89.1,000000000000000000009854cf54279abe9a277a6b41dba9ce3bde9bdb51c3e2
21.15,82.700005,00000000000000000001f6c5f08429415adeccbbf8c32ed2bc4ab342a8bb2592
10.77,69.700005,0000000000000000000140b8135e900a5b68058888e48192614091de2b23b5b6
4.02,45.899998,000000000000000000022b4f8a6a1eb8a9779e74ae1e72a68ae2f7b391e2a7c1